856.pdf,1101,202201_1101_AI1_20241019_101908.pdf,3,2,會計師核閱報告
377.pdf,1101,202201_1101_AI1_20241019_101908.pdf,5,1,合併資產負債表
263.pdf,1101,202201_1101_AI1_20241019_101908.pdf,6,3,合併綜合損益表
615.pdf,1101,202201_1101_AI1_20241019_101908.pdf,9,1,合併權益變動表
179.pdf,1101,202201_1101_AI1_20241019_101908.pdf,10,3,合併現金流量表
777.pdf,1101,202201_1101_AI1_20241019_101908.pdf,13,1,
977.pdf,1101,202201_1101_AI1_20241019_101908.pdf,13,2,
390.pdf,1101,202201_1101_AI1_20241019_101908.pdf,16,1,
606.pdf,1101,202201_1101_AI1_20241019_101908.pdf,17,48,
843.pdf,1101,202201_1101_AI1_20241019_101908.pdf,64,8,
1004.pdf,1101,202201_1101_AI1_20241019_101908.pdf,71,1,
403.pdf,1101,202201_1101_AI1_20241019_101908.pdf,72,4,
743.pdf,1101,202201_1101_AI1_20241019_101908.pdf,78,2,
384.pdf,1101,202203_1101_AI1_20241019_101901.pdf,3,2,會計師核閱報告
571.pdf,1101,202203_1101_AI1_20241019_101901.pdf,5,1,合併資產負債表
759.pdf,1101,202203_1101_AI1_20241019_101901.pdf,6,2,合併綜合損益表
288.pdf,1101,202203_1101_AI1_20241019_101901.pdf,8,1,合併權益變動表
675.pdf,1101,202203_1101_AI1_20241019_101901.pdf,9,3,合併現金流量表
143.pdf,1101,202203_1101_AI1_20241019_101901.pdf,13,3,
358.pdf,1101,202203_1101_AI1_20241019_101901.pdf,15,2,
107.pdf,1101,202203_1101_AI1_20241019_101901.pdf,16,54,
139.pdf,1101,202203_1101_AI1_20241019_101901.pdf,69,9,
592.pdf,1101,202203_1101_AI1_20241019_101901.pdf,77,1,
867.pdf,1101,202203_1101_AI1_20241019_101901.pdf,77,5,
857.pdf,1101,202203_1101_AI1_20241019_101901.pdf,84,2,
131.pdf,1101,202203_1101_AI1_20241019_101904.pdf,12,2,
952.pdf,1101,202203_1101_AI1_20241019_101904.pdf,12,1,
459.pdf,1101,202301_1101_AI1_20241019_101849.pdf,3,2,會計師核閱報告
822.pdf,1101,202301_1101_AI1_20241019_101849.pdf,5,1,合併資產負債表
352.pdf,1101,202301_1101_AI1_20241019_101849.pdf,6,3,合併綜合損益表
827.pdf,1101,202301_1101_AI1_20241019_101849.pdf,9,1,合併權益變動表
489.pdf,1101,202301_1101_AI1_20241019_101849.pdf,10,3,合併現金流量表
238.pdf,1101,202301_1101_AI1_20241019_101849.pdf,13,2,
747.pdf,1101,202301_1101_AI1_20241019_101849.pdf,13,1,
129.pdf,1101,202301_1101_AI1_20241019_101849.pdf,14,2,
641.pdf,1101,202301_1101_AI1_20241019_101849.pdf,16,1,
758.pdf,1101,202301_1101_AI1_20241019_101849.pdf,16,52,
454.pdf,1101,202301_1101_AI1_20241019_101849.pdf,67,6,
32.pdf,1101,202301_1101_AI1_20241019_101849.pdf,73,1,
654.pdf,1101,202301_1101_AI1_20241019_101849.pdf,73,4,
701.pdf,1101,202301_1101_AI1_20241019_101849.pdf,79,2,
310.pdf,1101,202303_1101_AI1_20241019_101839.pdf,3,2,會計師核閱報告
125.pdf,1101,202303_1101_AI1_20241019_101839.pdf,5,1,合併資產負債表
417.pdf,1101,202303_1101_AI1_20241019_101839.pdf,6,2,合併綜合損益表
360.pdf,1101,202303_1101_AI1_20241019_101839.pdf,8,1,合併權益變動表
670.pdf,1101,202303_1101_AI1_20241019_101839.pdf,9,3,合併現金流量表
342.pdf,1101,202303_1101_AI1_20241019_101839.pdf,12,2,
83.pdf,1101,202303_1101_AI1_20241019_101839.pdf,12,1,
862.pdf,1101,202303_1101_AI1_20241019_101839.pdf,13,3,
242.pdf,1101,202303_1101_AI1_20241019_101839.pdf,15,57,
573.pdf,1101,202303_1101_AI1_20241019_101839.pdf,15,1,
821.pdf,1101,202303_1101_AI1_20241019_101839.pdf,72,8,
522.pdf,1101,202303_1101_AI1_20241019_101839.pdf,79,2,
447.pdf,1101,202303_1101_AI1_20241019_101839.pdf,80,4,
518.pdf,1101,202303_1101_AI1_20241019_101839.pdf,86,2,
846.pdf,1216,202201_1216_AI1_20241018_142023.pdf,4,2,會計師核閱報告
175.pdf,1216,202201_1216_AI1_20241018_142023.pdf,6,2,合併資產負債表
698.pdf,1216,202201_1216_AI1_20241018_142023.pdf,8,2,合併綜合損益表
649.pdf,1216,202201_1216_AI1_20241018_142023.pdf,10,1,合併權益變動表
375.pdf,1216,202201_1216_AI1_20241018_142023.pdf,11,2,合併現金流量表
176.pdf,1216,202201_1216_AI1_20241018_142023.pdf,13,1,
762.pdf,1216,202201_1216_AI1_20241018_142023.pdf,13,2,
576.pdf,1216,202201_1216_AI1_20241018_142023.pdf,14,8,
850.pdf,1216,202201_1216_AI1_20241018_142023.pdf,21,1,
217.pdf,1216,202201_1216_AI1_20241018_142023.pdf,22,32,
708.pdf,1216,202201_1216_AI1_20241018_142023.pdf,54,3,
111.pdf,1216,202201_1216_AI1_20241018_142023.pdf,57,1,
749.pdf,1216,202201_1216_AI1_20241018_142023.pdf,57,3,
4.pdf,1216,202201_1216_AI1_20241018_142023.pdf,59,1,
39.pdf,1216,202201_1216_AI1_20241018_142023.pdf,72,3,
595.pdf,1216,202201_1216_AI1_20241018_142023.pdf,72,3,
224.pdf,1216,202203_1216_AI1_20241018_142021.pdf,4,2,會計師核閱報告
517.pdf,1216,202203_1216_AI1_20241018_142021.pdf,6,2,合併資產負債表
729.pdf,1216,202203_1216_AI1_20241018_142021.pdf,8,2,合併綜合損益表
877.pdf,1216,202203_1216_AI1_20241018_142021.pdf,10,1,合併權益變動表
331.pdf,1216,202203_1216_AI1_20241018_142021.pdf,11,2,合併現金流量表
253.pdf,1216,202203_1216_AI1_20241018_142021.pdf,13,1,
906.pdf,1216,202203_1216_AI1_20241018_142021.pdf,13,2,
603.pdf,1216,202203_1216_AI1_20241018_142021.pdf,14,8,
35.pdf,1216,202203_1216_AI1_20241018_142021.pdf,22,39,
353.pdf,1216,202203_1216_AI1_20241018_142021.pdf,22,1,
541.pdf,1216,202203_1216_AI1_20241018_142021.pdf,61,4,
411.pdf,1216,202203_1216_AI1_20241018_142021.pdf,64,3,
500.pdf,1216,202203_1216_AI1_20241018_142021.pdf,64,1,
572.pdf,1216,202203_1216_AI1_20241018_142021.pdf,66,1,
290.pdf,1216,202301_1216_AI1_20241018_142018.pdf,4,2,會計師核閱報告
975.pdf,1216,202301_1216_AI1_20241018_142018.pdf,6,2,合併資產負債表
700.pdf,1216,202301_1216_AI1_20241018_142018.pdf,8,2,合併綜合損益表
889.pdf,1216,202301_1216_AI1_20241018_142018.pdf,10,1,合併權益變動表
393.pdf,1216,202301_1216_AI1_20241018_142018.pdf,11,2,合併現金流量表
330.pdf,1216,202301_1216_AI1_20241018_142018.pdf,13,1,
470.pdf,1216,202301_1216_AI1_20241018_142018.pdf,13,2,
941.pdf,1216,202301_1216_AI1_20241018_142018.pdf,14,8,
391.pdf,1216,202301_1216_AI1_20241018_142018.pdf,21,1,
746.pdf,1216,202301_1216_AI1_20241018_142018.pdf,21,34,
1017.pdf,1216,202301_1216_AI1_20241018_142018.pdf,55,3,
1023.pdf,1216,202301_1216_AI1_20241018_142018.pdf,58,1,
180.pdf,1216,202301_1216_AI1_20241018_142018.pdf,58,2,
987.pdf,1216,202301_1216_AI1_20241018_142018.pdf,59,1,
617.pdf,1216,202301_1216_AI1_20241018_142018.pdf,60,1,
297.pdf,1216,202301_1216_AI1_20241018_142018.pdf,73,3,
913.pdf,1216,202301_1216_AI1_20241018_142018.pdf,73,3,
741.pdf,1216,202303_1216_AI1_20241018_142015.pdf,6,2,合併資產負債表
731.pdf,1216,202303_1216_AI1_20241018_142015.pdf,8,2,合併綜合損益表
751.pdf,1216,202303_1216_AI1_20241018_142015.pdf,10,1,合併權益變動表
506.pdf,1216,202303_1216_AI1_20241018_142015.pdf,11,2,合併現金流量表
206.pdf,1216,202303_1216_AI1_20241018_142015.pdf,13,1,
368.pdf,1216,202303_1216_AI1_20241018_142015.pdf,13,2,
687.pdf,1216,202303_1216_AI1_20241018_142015.pdf,14,10,
532.pdf,1216,202303_1216_AI1_20241018_142015.pdf,23,43,
851.pdf,1216,202303_1216_AI1_20241018_142015.pdf,23,1,
275.pdf,1216,202303_1216_AI1_20241018_142015.pdf,66,4,
154.pdf,1216,202303_1216_AI1_20241018_142015.pdf,70,3,
647.pdf,1216,202303_1216_AI1_20241018_142015.pdf,70,1,
769.pdf,1216,202303_1216_AI1_20241018_142015.pdf,72,1,
559.pdf,1216,202303_1216_AI1_20241018_142017.pdf,4,2,會計師核閱報告
11.pdf,1326,202201_1326_AI1_20241018_230030.pdf,4,2,會計師核閱報告
68.pdf,1326,202201_1326_AI1_20241018_230030.pdf,6,2,合併資產負債表
214.pdf,1326,202201_1326_AI1_20241018_230030.pdf,8,2,合併綜合損益表
546.pdf,1326,202201_1326_AI1_20241018_230030.pdf,10,1,合併權益變動表
514.pdf,1326,202201_1326_AI1_20241018_230030.pdf,11,2,合併現金流量表
448.pdf,1326,202201_1326_AI1_20241018_230030.pdf,13,1,
97.pdf,1326,202201_1326_AI1_20241018_230030.pdf,13,2,
763.pdf,1326,202201_1326_AI1_20241018_230030.pdf,14,15,
218.pdf,1326,202201_1326_AI1_20241018_230030.pdf,29,1,
596.pdf,1326,202201_1326_AI1_20241018_230030.pdf,29,24,
630.pdf,1326,202201_1326_AI1_20241018_230030.pdf,53,6,
463.pdf,1326,202201_1326_AI1_20241018_230030.pdf,59,1,
580.pdf,1326,202201_1326_AI1_20241018_230030.pdf,59,2,
337.pdf,1326,202201_1326_AI1_20241018_230030.pdf,61,1,
251.pdf,1326,202201_1326_AI1_20241018_230030.pdf,74,3,
884.pdf,1326,202203_1326_AI1_20241018_230020.pdf,4,2,會計師核閱報告
868.pdf,1326,202203_1326_AI1_20241018_230020.pdf,6,2,合併資產負債表
82.pdf,1326,202203_1326_AI1_20241018_230020.pdf,8,2,合併綜合損益表
229.pdf,1326,202203_1326_AI1_20241018_230020.pdf,10,1,合併權益變動表
472.pdf,1326,202203_1326_AI1_20241018_230020.pdf,11,2,合併現金流量表
480.pdf,1326,202203_1326_AI1_20241018_230020.pdf,13,1,
832.pdf,1326,202203_1326_AI1_20241018_230020.pdf,13,2,
535.pdf,1326,202203_1326_AI1_20241018_230020.pdf,14,17,
187.pdf,1326,202203_1326_AI1_20241018_230020.pdf,30,31,
551.pdf,1326,202203_1326_AI1_20241018_230020.pdf,30,1,
1030.pdf,1326,202203_1326_AI1_20241018_230020.pdf,61,8,
165.pdf,1326,202203_1326_AI1_20241018_230020.pdf,69,3,
565.pdf,1326,202203_1326_AI1_20241018_230020.pdf,69,1,
1013.pdf,1326,202203_1326_AI1_20241018_230020.pdf,71,1,
121.pdf,1326,202203_1326_AI1_20241018_230020.pdf,84,3,
190.pdf,1326,202301_1326_AI1_20241018_230011.pdf,4,2,會計師核閱報告
586.pdf,1326,202301_1326_AI1_20241018_230011.pdf,6,2,合併資產負債表
688.pdf,1326,202301_1326_AI1_20241018_230011.pdf,8,2,合併綜合損益表
632.pdf,1326,202301_1326_AI1_20241018_230011.pdf,10,1,合併權益變動表
104.pdf,1326,202301_1326_AI1_20241018_230011.pdf,11,2,合併現金流量表
498.pdf,1326,202301_1326_AI1_20241018_230011.pdf,13,2,
890.pdf,1326,202301_1326_AI1_20241018_230011.pdf,13,1,
639.pdf,1326,202301_1326_AI1_20241018_230011.pdf,14,16,
389.pdf,1326,202301_1326_AI1_20241018_230011.pdf,30,1,
44.pdf,1326,202301_1326_AI1_20241018_230011.pdf,30,28,
148.pdf,1326,202301_1326_AI1_20241018_230011.pdf,58,6,
264.pdf,1326,202301_1326_AI1_20241018_230011.pdf,64,1,
669.pdf,1326,202301_1326_AI1_20241018_230011.pdf,64,3,
521.pdf,1326,202301_1326_AI1_20241018_230011.pdf,66,1,
771.pdf,1326,202301_1326_AI1_20241018_230011.pdf,79,3,
363.pdf,1326,202302_1326_AI1_20241018_230007.pdf,87,3,
938.pdf,1326,202303_1326_AI1_20241018_230001.pdf,4,3,會計師核閱報告
47.pdf,1326,202303_1326_AI1_20241018_230001.pdf,7,2,合併資產負債表
845.pdf,1326,202303_1326_AI1_20241018_230001.pdf,9,2,合併綜合損益表
77.pdf,1326,202303_1326_AI1_20241018_230001.pdf,11,1,合併權益變動表
504.pdf,1326,202303_1326_AI1_20241018_230001.pdf,12,2,合併現金流量表
105.pdf,1326,202303_1326_AI1_20241018_230001.pdf,14,2,
886.pdf,1326,202303_1326_AI1_20241018_230001.pdf,14,1,
113.pdf,1326,202303_1326_AI1_20241018_230001.pdf,15,17,
135.pdf,1326,202303_1326_AI1_20241018_230001.pdf,31,2,
811.pdf,1326,202303_1326_AI1_20241018_230001.pdf,32,33,
1034.pdf,1326,202303_1326_AI1_20241018_230001.pdf,65,9,
246.pdf,1326,202303_1326_AI1_20241018_230001.pdf,73,3,
425.pdf,1326,202303_1326_AI1_20241018_230001.pdf,73,1,
780.pdf,1326,202303_1326_AI1_20241018_230001.pdf,75,1,
529.pdf,1590,202201_1590_AI1_20241019_100509.pdf,3,1,會計師核閱報告
29.pdf,1590,202201_1590_AI1_20241019_100509.pdf,4,1,合併資產負債表
956.pdf,1590,202201_1590_AI1_20241019_100509.pdf,5,2,合併綜合損益表
620.pdf,1590,202201_1590_AI1_20241019_100509.pdf,7,1,合併權益變動表
788.pdf,1590,202201_1590_AI1_20241019_100509.pdf,8,1,合併現金流量表
855.pdf,1590,202201_1590_AI1_20241019_100509.pdf,10,1,
164.pdf,1590,202201_1590_AI1_20241019_100509.pdf,11,1,
369.pdf,1590,202201_1590_AI1_20241019_100509.pdf,13,1,
725.pdf,1590,202201_1590_AI1_20241019_100509.pdf,42,1,
801.pdf,1590,202201_1590_AI1_20241019_100509.pdf,43,1,
875.pdf,1590,202201_1590_AI1_20241019_100509.pdf,46,3,
969.pdf,1590,202203_1590_AI1_20241019_100501.pdf,3,1,會計師核閱報告
665.pdf,1590,202203_1590_AI1_20241019_100501.pdf,4,1,合併資產負債表
558.pdf,1590,202203_1590_AI1_20241019_100501.pdf,5,1,合併綜合損益表
950.pdf,1590,202203_1590_AI1_20241019_100501.pdf,6,1,合併權益變動表
612.pdf,1590,202203_1590_AI1_20241019_100501.pdf,7,2,合併現金流量表
520.pdf,1590,202203_1590_AI1_20241019_100501.pdf,9,5,
953.pdf,1590,202203_1590_AI1_20241019_100501.pdf,9,1,
945.pdf,1590,202203_1590_AI1_20241019_100501.pdf,14,1,
339.pdf,1590,202203_1590_AI1_20241019_100501.pdf,43,1,
910.pdf,1590,202203_1590_AI1_20241019_100501.pdf,44,1,
10.pdf,1590,202203_1590_AI1_20241019_100501.pdf,45,1,
247.pdf,1590,202203_1590_AI1_20241019_100501.pdf,47,2,
248.pdf,1590,202301_1590_AI1_20241019_100453.pdf,3,1,會計師核閱報告
250.pdf,1590,202301_1590_AI1_20241019_100453.pdf,4,1,合併資產負債表
540.pdf,1590,202301_1590_AI1_20241019_100453.pdf,5,2,合併綜合損益表
648.pdf,1590,202301_1590_AI1_20241019_100453.pdf,7,1,合併權益變動表
371.pdf,1590,202301_1590_AI1_20241019_100453.pdf,8,2,合併現金流量表
516.pdf,1590,202301_1590_AI1_20241019_100453.pdf,10,1,
728.pdf,1590,202301_1590_AI1_20241019_100453.pdf,10,4,
501.pdf,1590,202301_1590_AI1_20241019_100453.pdf,13,2,
624.pdf,1590,202301_1590_AI1_20241019_100453.pdf,14,2,
333.pdf,1590,202301_1590_AI1_20241019_100453.pdf,15,26,
933.pdf,1590,202301_1590_AI1_20241019_100453.pdf,41,1,
523.pdf,1590,202301_1590_AI1_20241019_100453.pdf,42,1,
549.pdf,1590,202301_1590_AI1_20241019_100453.pdf,45,2,
309.pdf,1590,202303_1590_AI1_20241019_100446.pdf,3,1,會計師核閱報告
800.pdf,1590,202303_1590_AI1_20241019_100446.pdf,4,1,合併資產負債表
195.pdf,1590,202303_1590_AI1_20241019_100446.pdf,5,1,合併綜合損益表
486.pdf,1590,202303_1590_AI1_20241019_100446.pdf,6,1,合併權益變動表
869.pdf,1590,202303_1590_AI1_20241019_100446.pdf,7,2,合併現金流量表
46.pdf,1590,202303_1590_AI1_20241019_100446.pdf,9,4,
539.pdf,1590,202303_1590_AI1_20241019_100446.pdf,9,1,
623.pdf,1590,202303_1590_AI1_20241019_100446.pdf,12,2,
676.pdf,1590,202303_1590_AI1_20241019_100446.pdf,13,2,
646.pdf,1590,202303_1590_AI1_20241019_100446.pdf,14,27,
433.pdf,1590,202303_1590_AI1_20241019_100446.pdf,40,2,
43.pdf,1590,202303_1590_AI1_20241019_100446.pdf,41,1,
1029.pdf,1590,202303_1590_AI1_20241019_100446.pdf,44,2,
382.pdf,2002,202201_2002_AI1_20241018_143054.pdf,3,1,會計師核閱報告
366.pdf,2002,202201_2002_AI1_20241018_143054.pdf,4,1,合併資產負債表
21.pdf,2002,202201_2002_AI1_20241018_143054.pdf,5,3,合併綜合損益表
212.pdf,2002,202201_2002_AI1_20241018_143054.pdf,8,1,合併權益變動表
491.pdf,2002,202201_2002_AI1_20241018_143054.pdf,9,4,合併現金流量表
110.pdf,2002,202201_2002_AI1_20241018_143054.pdf,13,1,
115.pdf,2002,202201_2002_AI1_20241018_143054.pdf,13,2,
202.pdf,2002,202201_2002_AI1_20241018_143054.pdf,13,1,
7.pdf,2002,202201_2002_AI1_20241018_143054.pdf,13,2,
644.pdf,2002,202201_2002_AI1_20241018_143054.pdf,14,8,
873.pdf,2002,202201_2002_AI1_20241018_143054.pdf,21,1,
260.pdf,2002,202201_2002_AI1_20241018_143054.pdf,22,47,
321.pdf,2002,202201_2002_AI1_20241018_143054.pdf,68,5,
660.pdf,2002,202201_2002_AI1_20241018_143054.pdf,73,1,
920.pdf,2002,202201_2002_AI1_20241018_143054.pdf,77,2,
895.pdf,2002,202203_2002_AI1_20241018_143052.pdf,3,1,會計師核閱報告
283.pdf,2002,202203_2002_AI1_20241018_143052.pdf,4,1,合併資產負債表
693.pdf,2002,202203_2002_AI1_20241018_143052.pdf,5,2,合併綜合損益表
372.pdf,2002,202203_2002_AI1_20241018_143052.pdf,7,1,合併權益變動表
631.pdf,2002,202203_2002_AI1_20241018_143052.pdf,8,4,合併現金流量表
528.pdf,2002,202203_2002_AI1_20241018_143052.pdf,13,8,
320.pdf,2002,202203_2002_AI1_20241018_143052.pdf,20,1,
929.pdf,2002,202203_2002_AI1_20241018_143052.pdf,20,48,
673.pdf,2002,202203_2002_AI1_20241018_143052.pdf,67,5,
907.pdf,2002,202203_2002_AI1_20241018_143052.pdf,72,1,
538.pdf,2002,202203_2002_AI1_20241018_143052.pdf,76,2,
1020.pdf,2002,202203_2002_AI1_20241018_143053.pdf,12,1,
483.pdf,2002,202203_2002_AI1_20241018_143053.pdf,12,2,
475.pdf,2002,202301_2002_AI1_20241018_143050.pdf,3,1,會計師核閱報告
95.pdf,2002,202301_2002_AI1_20241018_143050.pdf,4,1,合併資產負債表
494.pdf,2002,202301_2002_AI1_20241018_143050.pdf,5,3,合併綜合損益表
772.pdf,2002,202301_2002_AI1_20241018_143050.pdf,8,1,合併權益變動表
413.pdf,2002,202301_2002_AI1_20241018_143050.pdf,9,4,合併現金流量表
985.pdf,2002,202301_2002_AI1_20241018_143050.pdf,14,7,
607.pdf,2002,202301_2002_AI1_20241018_143050.pdf,20,1,
266.pdf,2002,202301_2002_AI1_20241018_143050.pdf,21,48,
511.pdf,2002,202301_2002_AI1_20241018_143050.pdf,68,5,
152.pdf,2002,202301_2002_AI1_20241018_143050.pdf,72,2,
51.pdf,2002,202301_2002_AI1_20241018_143050.pdf,77,2,
531.pdf,2002,202303_2002_AI1_20241018_143048.pdf,3,1,會計師核閱報告
903.pdf,2002,202303_2002_AI1_20241018_143048.pdf,4,1,合併資產負債表
844.pdf,2002,202303_2002_AI1_20241018_143048.pdf,5,2,合併綜合損益表
38.pdf,2002,202303_2002_AI1_20241018_143048.pdf,7,1,合併權益變動表
199.pdf,2002,202303_2002_AI1_20241018_143048.pdf,8,4,合併現金流量表
198.pdf,2002,202303_2002_AI1_20241018_143048.pdf,12,3,
716.pdf,2002,202303_2002_AI1_20241018_143048.pdf,12,1,
840.pdf,2002,202303_2002_AI1_20241018_143048.pdf,14,7,
526.pdf,2002,202303_2002_AI1_20241018_143048.pdf,21,48,
657.pdf,2002,202303_2002_AI1_20241018_143048.pdf,68,5,
577.pdf,2002,202303_2002_AI1_20241018_143048.pdf,72,2,
299.pdf,2002,202303_2002_AI1_20241018_143048.pdf,77,2,
745.pdf,2207,202201_2207_AI1_20241018_143223.pdf,4,2,會計師核閱報告
302.pdf,2207,202201_2207_AI1_20241018_143223.pdf,6,2,合併資產負債表
249.pdf,2207,202201_2207_AI1_20241018_143223.pdf,8,2,合併綜合損益表
585.pdf,2207,202201_2207_AI1_20241018_143223.pdf,10,1,合併權益變動表
457.pdf,2207,202201_2207_AI1_20241018_143223.pdf,11,2,合併現金流量表
1000.pdf,2207,202201_2207_AI1_20241018_143223.pdf,13,1,
334.pdf,2207,202201_2207_AI1_20241018_143223.pdf,13,3,
723.pdf,2207,202201_2207_AI1_20241018_143223.pdf,15,24,
833.pdf,2207,202201_2207_AI1_20241018_143223.pdf,38,2,
48.pdf,2207,202201_2207_AI1_20241018_143223.pdf,40,34,
755.pdf,2207,202201_2207_AI1_20241018_143223.pdf,74,7,
468.pdf,2207,202201_2207_AI1_20241018_143223.pdf,80,2,
220.pdf,2207,202201_2207_AI1_20241018_143223.pdf,82,1,
628.pdf,2207,202201_2207_AI1_20241018_143223.pdf,82,2,
530.pdf,2207,202201_2207_AI1_20241018_143223.pdf,116,1,
947.pdf,2207,202203_2207_AI1_20241018_143220.pdf,4,2,會計師核閱報告
440.pdf,2207,202203_2207_AI1_20241018_143220.pdf,6,2,合併資產負債表
569.pdf,2207,202203_2207_AI1_20241018_143220.pdf,8,2,合併綜合損益表
153.pdf,2207,202203_2207_AI1_20241018_143220.pdf,10,1,合併權益變動表
766.pdf,2207,202203_2207_AI1_20241018_143220.pdf,11,2,合併現金流量表
550.pdf,2207,202203_2207_AI1_20241018_143220.pdf,13,1,
943.pdf,2207,202203_2207_AI1_20241018_143220.pdf,13,3,
106.pdf,2207,202203_2207_AI1_20241018_143220.pdf,15,26,
65.pdf,2207,202203_2207_AI1_20241018_143220.pdf,41,2,
8.pdf,2207,202203_2207_AI1_20241018_143220.pdf,42,39,
300.pdf,2207,202203_2207_AI1_20241018_143220.pdf,81,10,
633.pdf,2207,202203_2207_AI1_20241018_143220.pdf,90,2,
714.pdf,2207,202203_2207_AI1_20241018_143220.pdf,91,2,
355.pdf,2207,202203_2207_AI1_20241018_143220.pdf,92,1,
712.pdf,2207,202204_2207_AI1_20241018_143219.pdf,83,7,
564.pdf,2207,202301_2207_AI1_20241018_143217.pdf,4,2,會計師核閱報告
208.pdf,2207,202301_2207_AI1_20241018_143217.pdf,6,2,合併資產負債表
710.pdf,2207,202301_2207_AI1_20241018_143217.pdf,8,2,合併綜合損益表
761.pdf,2207,202301_2207_AI1_20241018_143217.pdf,10,1,合併權益變動表
308.pdf,2207,202301_2207_AI1_20241018_143217.pdf,11,2,合併現金流量表
161.pdf,2207,202301_2207_AI1_20241018_143217.pdf,13,3,
619.pdf,2207,202301_2207_AI1_20241018_143217.pdf,13,1,
117.pdf,2207,202301_2207_AI1_20241018_143217.pdf,15,27,
691.pdf,2207,202301_2207_AI1_20241018_143217.pdf,41,2,
711.pdf,2207,202301_2207_AI1_20241018_143217.pdf,43,34,
429.pdf,2207,202301_2207_AI1_20241018_143217.pdf,84,1,
146.pdf,2207,202301_2207_AI1_20241018_143217.pdf,85,1,
702.pdf,2207,202301_2207_AI1_20241018_143217.pdf,85,2,
594.pdf,2207,202301_2207_AI1_20241018_143217.pdf,120,2,
509.pdf,2207,202303_2207_AI1_20241018_143216.pdf,4,2,會計師核閱報告
193.pdf,2207,202303_2207_AI1_20241018_143216.pdf,6,2,合併資產負債表
802.pdf,2207,202303_2207_AI1_20241018_143216.pdf,8,2,合併綜合損益表
261.pdf,2207,202303_2207_AI1_20241018_143216.pdf,10,1,合併權益變動表
408.pdf,2207,202303_2207_AI1_20241018_143216.pdf,11,2,合併現金流量表
972.pdf,2207,202303_2207_AI1_20241018_143216.pdf,13,3,
992.pdf,2207,202303_2207_AI1_20241018_143216.pdf,13,1,
720.pdf,2207,202303_2207_AI1_20241018_143216.pdf,15,27,
923.pdf,2207,202303_2207_AI1_20241018_143216.pdf,42,2,
383.pdf,2207,202303_2207_AI1_20241018_143216.pdf,43,40,
27.pdf,2207,202303_2207_AI1_20241018_143216.pdf,83,10,
322.pdf,2207,202303_2207_AI1_20241018_143216.pdf,93,1,
989.pdf,2207,202303_2207_AI1_20241018_143216.pdf,94,1,
243.pdf,2207,202303_2207_AI1_20241018_143216.pdf,95,1,
932.pdf,2301,202201_2301_AI1_20241019_095823.pdf,3,2,會計師核閱報告
561.pdf,2301,202201_2301_AI1_20241019_095823.pdf,5,1,合併資產負債表
207.pdf,2301,202201_2301_AI1_20241019_095823.pdf,6,3,合併綜合損益表
652.pdf,2301,202201_2301_AI1_20241019_095823.pdf,9,1,合併權益變動表
629.pdf,2301,202201_2301_AI1_20241019_095823.pdf,10,3,合併現金流量表
204.pdf,2301,202201_2301_AI1_20241019_095823.pdf,13,1,
497.pdf,2301,202201_2301_AI1_20241019_095823.pdf,14,1,
636.pdf,2301,202201_2301_AI1_20241019_095823.pdf,15,2,
1010.pdf,2301,202201_2301_AI1_20241019_095823.pdf,16,1,
925.pdf,2301,202201_2301_AI1_20241019_095823.pdf,16,38,
169.pdf,2301,202201_2301_AI1_20241019_095823.pdf,53,4,
442.pdf,2301,202201_2301_AI1_20241019_095823.pdf,57,1,
92.pdf,2301,202201_2301_AI1_20241019_095823.pdf,61,2,
87.pdf,2301,202203_2301_AI1_20241019_095813.pdf,3,2,會計師核閱報告
1031.pdf,2301,202203_2301_AI1_20241019_095813.pdf,5,1,合併資產負債表
968.pdf,2301,202203_2301_AI1_20241019_095813.pdf,6,2,合併綜合損益表
979.pdf,2301,202203_2301_AI1_20241019_095813.pdf,8,1,合併權益變動表
824.pdf,2301,202203_2301_AI1_20241019_095813.pdf,9,3,合併現金流量表
1006.pdf,2301,202203_2301_AI1_20241019_095813.pdf,12,1,
158.pdf,2301,202203_2301_AI1_20241019_095813.pdf,13,2,
191.pdf,2301,202203_2301_AI1_20241019_095813.pdf,14,3,
787.pdf,2301,202203_2301_AI1_20241019_095813.pdf,16,41,
966.pdf,2301,202203_2301_AI1_20241019_095813.pdf,16,1,
307.pdf,2301,202203_2301_AI1_20241019_095813.pdf,56,3,
940.pdf,2301,202203_2301_AI1_20241019_095813.pdf,58,1,
905.pdf,2301,202203_2301_AI1_20241019_095813.pdf,59,1,
332.pdf,2301,202203_2301_AI1_20241019_095813.pdf,63,2,
918.pdf,2301,202301_2301_AI1_20241019_095803.pdf,3,2,會計師核閱報告
293.pdf,2301,202301_2301_AI1_20241019_095803.pdf,5,1,合併資產負債表
1028.pdf,2301,202301_2301_AI1_20241019_095803.pdf,6,3,合併綜合損益表
216.pdf,2301,202301_2301_AI1_20241019_095803.pdf,9,1,合併權益變動表
177.pdf,2301,202301_2301_AI1_20241019_095803.pdf,10,3,合併現金流量表
1018.pdf,2301,202301_2301_AI1_20241019_095803.pdf,13,1,
995.pdf,2301,202301_2301_AI1_20241019_095803.pdf,14,3,
223.pdf,2301,202301_2301_AI1_20241019_095803.pdf,14,1,
301.pdf,2301,202301_2301_AI1_20241019_095803.pdf,16,38,
395.pdf,2301,202301_2301_AI1_20241019_095803.pdf,16,1,
1002.pdf,2301,202301_2301_AI1_20241019_095803.pdf,54,3,
593.pdf,2301,202301_2301_AI1_20241019_095803.pdf,56,1,
713.pdf,2301,202301_2301_AI1_20241019_095803.pdf,56,2,
643.pdf,2301,202301_2301_AI1_20241019_095803.pdf,60,3,
955.pdf,2301,202303_2301_AI1_20241019_095754.pdf,3,2,會計師核閱報告
942.pdf,2301,202303_2301_AI1_20241019_095754.pdf,5,1,合併資產負債表
319.pdf,2301,202303_2301_AI1_20241019_095754.pdf,6,2,合併綜合損益表
130.pdf,2301,202303_2301_AI1_20241019_095754.pdf,8,1,合併權益變動表
737.pdf,2301,202303_2301_AI1_20241019_095754.pdf,9,3,合併現金流量表
26.pdf,2301,202303_2301_AI1_20241019_095754.pdf,12,1,
37.pdf,2301,202303_2301_AI1_20241019_095754.pdf,13,1,
908.pdf,2301,202303_2301_AI1_20241019_095754.pdf,14,3,
237.pdf,2301,202303_2301_AI1_20241019_095754.pdf,16,40,
805.pdf,2301,202303_2301_AI1_20241019_095754.pdf,16,1,
1011.pdf,2301,202303_2301_AI1_20241019_095754.pdf,55,3,
341.pdf,2301,202303_2301_AI1_20241019_095754.pdf,57,1,
934.pdf,2301,202303_2301_AI1_20241019_095754.pdf,58,2,
78.pdf,2301,202303_2301_AI1_20241019_095754.pdf,61,2,
427.pdf,2301,202303_2301_AI1_20241019_095754.pdf,63,1,
524.pdf,2303,202201_2303_AI1_20241018_143435.pdf,3,1,會計師核閱報告
436.pdf,2303,202201_2303_AI1_20241018_143435.pdf,5,1,合併資產負債表
437.pdf,2303,202201_2303_AI1_20241018_143435.pdf,7,1,合併綜合損益表
807.pdf,2303,202201_2303_AI1_20241018_143435.pdf,8,1,合併權益變動表
917.pdf,2303,202201_2303_AI1_20241018_143435.pdf,9,1,合併現金流量表
168.pdf,2303,202201_2303_AI1_20241018_143435.pdf,11,1,
9.pdf,2303,202201_2303_AI1_20241018_143435.pdf,13,1,
99.pdf,2303,202201_2303_AI1_20241018_143435.pdf,15,1,
170.pdf,2303,202201_2303_AI1_20241018_143435.pdf,45,1,
434.pdf,2303,202201_2303_AI1_20241018_143435.pdf,47,1,
914.pdf,2303,202201_2303_AI1_20241018_143435.pdf,48,1,
783.pdf,2303,202201_2303_AI1_20241018_143435.pdf,49,1,
98.pdf,2303,202203_2303_AI1_20241018_143432.pdf,3,1,會計師核閱報告
635.pdf,2303,202203_2303_AI1_20241018_143432.pdf,5,1,合併資產負債表
967.pdf,2303,202203_2303_AI1_20241018_143432.pdf,7,1,合併綜合損益表
892.pdf,2303,202203_2303_AI1_20241018_143432.pdf,8,1,合併權益變動表
244.pdf,2303,202203_2303_AI1_20241018_143432.pdf,9,1,合併現金流量表
792.pdf,2303,202203_2303_AI1_20241018_143432.pdf,11,1,
866.pdf,2303,202203_2303_AI1_20241018_143432.pdf,13,1,
795.pdf,2303,202203_2303_AI1_20241018_143432.pdf,15,1,
1019.pdf,2303,202203_2303_AI1_20241018_143432.pdf,48,1,
116.pdf,2303,202203_2303_AI1_20241018_143432.pdf,51,1,
166.pdf,2303,202203_2303_AI1_20241018_143432.pdf,52,1,
203.pdf,2303,202203_2303_AI1_20241018_143432.pdf,53,1,
656.pdf,2303,202301_2303_AI1_20241018_143430.pdf,3,1,會計師核閱報告
392.pdf,2303,202301_2303_AI1_20241018_143430.pdf,5,1,合併資產負債表
162.pdf,2303,202301_2303_AI1_20241018_143430.pdf,7,1,合併綜合損益表
160.pdf,2303,202301_2303_AI1_20241018_143430.pdf,8,1,合併權益變動表
653.pdf,2303,202301_2303_AI1_20241018_143430.pdf,9,1,合併現金流量表
505.pdf,2303,202301_2303_AI1_20241018_143430.pdf,11,1,
899.pdf,2303,202301_2303_AI1_20241018_143430.pdf,13,1,
118.pdf,2303,202301_2303_AI1_20241018_143430.pdf,15,1,
599.pdf,2303,202301_2303_AI1_20241018_143430.pdf,44,1,
230.pdf,2303,202301_2303_AI1_20241018_143430.pdf,46,1,
61.pdf,2303,202301_2303_AI1_20241018_143430.pdf,47,1,
479.pdf,2303,202301_2303_AI1_20241018_143430.pdf,48,1,
794.pdf,2303,202302_2303_AI1_20241018_143429.pdf,53,1,
183.pdf,2303,202303_2303_AI1_20241018_143428.pdf,3,1,會計師核閱報告
133.pdf,2303,202303_2303_AI1_20241018_143428.pdf,5,1,合併資產負債表
922.pdf,2303,202303_2303_AI1_20241018_143428.pdf,7,1,合併綜合損益表
209.pdf,2303,202303_2303_AI1_20241018_143428.pdf,8,1,合併權益變動表
112.pdf,2303,202303_2303_AI1_20241018_143428.pdf,9,1,合併現金流量表
329.pdf,2303,202303_2303_AI1_20241018_143428.pdf,11,1,
785.pdf,2303,202303_2303_AI1_20241018_143428.pdf,13,1,
286.pdf,2303,202303_2303_AI1_20241018_143428.pdf,17,1,
328.pdf,2303,202303_2303_AI1_20241018_143428.pdf,50,1,
34.pdf,2303,202303_2303_AI1_20241018_143428.pdf,54,1,
256.pdf,2303,202303_2303_AI1_20241018_143428.pdf,55,1,
420.pdf,2308,202201_2308_AI1_20241018_102707.pdf,4,2,會計師核閱報告
435.pdf,2308,202201_2308_AI1_20241018_102707.pdf,6,2,合併資產負債表
137.pdf,2308,202201_2308_AI1_20241018_102707.pdf,8,2,合併綜合損益表
1016.pdf,2308,202201_2308_AI1_20241018_102707.pdf,10,1,合併權益變動表
155.pdf,2308,202201_2308_AI1_20241018_102707.pdf,11,2,合併現金流量表
750.pdf,2308,202201_2308_AI1_20241018_102707.pdf,13,2,
974.pdf,2308,202201_2308_AI1_20241018_102707.pdf,13,1,
280.pdf,2308,202201_2308_AI1_20241018_102707.pdf,14,22,
406.pdf,2308,202201_2308_AI1_20241018_102707.pdf,35,27,
555.pdf,2308,202201_2308_AI1_20241018_102707.pdf,35,1,
560.pdf,2308,202201_2308_AI1_20241018_102707.pdf,61,3,
74.pdf,2308,202201_2308_AI1_20241018_102707.pdf,63,1,
197.pdf,2308,202201_2308_AI1_20241018_102707.pdf,81,2,
533.pdf,2308,202203_2308_AI1_20241018_102659.pdf,4,2,會計師核閱報告
650.pdf,2308,202203_2308_AI1_20241018_102659.pdf,6,2,合併資產負債表
820.pdf,2308,202203_2308_AI1_20241018_102659.pdf,8,2,合併綜合損益表
94.pdf,2308,202203_2308_AI1_20241018_102659.pdf,10,1,合併權益變動表
18.pdf,2308,202203_2308_AI1_20241018_102659.pdf,11,2,合併現金流量表
3.pdf,2308,202203_2308_AI1_20241018_102659.pdf,13,1,
717.pdf,2308,202203_2308_AI1_20241018_102659.pdf,13,2,
54.pdf,2308,202203_2308_AI1_20241018_102659.pdf,14,22,
416.pdf,2308,202203_2308_AI1_20241018_102659.pdf,35,1,
739.pdf,2308,202203_2308_AI1_20241018_102659.pdf,35,33,
704.pdf,2308,202203_2308_AI1_20241018_102659.pdf,67,3,
1014.pdf,2308,202203_2308_AI1_20241018_102659.pdf,69,1,
258.pdf,2308,202203_2308_AI1_20241018_102659.pdf,88,2,
252.pdf,2308,202301_2308_AI1_20241018_102645.pdf,4,2,會計師核閱報告
445.pdf,2308,202301_2308_AI1_20241018_102645.pdf,6,2,合併資產負債表
600.pdf,2308,202301_2308_AI1_20241018_102645.pdf,8,2,合併綜合損益表
608.pdf,2308,202301_2308_AI1_20241018_102645.pdf,10,1,合併權益變動表
825.pdf,2308,202301_2308_AI1_20241018_102645.pdf,11,2,合併現金流量表
234.pdf,2308,202301_2308_AI1_20241018_102645.pdf,13,2,
485.pdf,2308,202301_2308_AI1_20241018_102645.pdf,13,1,
567.pdf,2308,202301_2308_AI1_20241018_102645.pdf,14,18,
156.pdf,2308,202301_2308_AI1_20241018_102645.pdf,31,1,
1001.pdf,2308,202301_2308_AI1_20241018_102645.pdf,32,27,
45.pdf,2308,202301_2308_AI1_20241018_102645.pdf,58,3,
770.pdf,2308,202301_2308_AI1_20241018_102645.pdf,60,1,
876.pdf,2308,202301_2308_AI1_20241018_102645.pdf,61,1,
50.pdf,2308,202301_2308_AI1_20241018_102645.pdf,77,2,
367.pdf,2308,202303_2308_AI1_20241018_102630.pdf,4,3,會計師核閱報告
671.pdf,2308,202303_2308_AI1_20241018_102630.pdf,7,2,合併資產負債表
407.pdf,2308,202303_2308_AI1_20241018_102630.pdf,9,2,合併綜合損益表
964.pdf,2308,202303_2308_AI1_20241018_102630.pdf,11,1,合併權益變動表
692.pdf,2308,202303_2308_AI1_20241018_102630.pdf,12,2,合併現金流量表
835.pdf,2308,202303_2308_AI1_20241018_102630.pdf,14,1,
946.pdf,2308,202303_2308_AI1_20241018_102630.pdf,14,2,
439.pdf,2308,202303_2308_AI1_20241018_102630.pdf,15,20,
1026.pdf,2308,202303_2308_AI1_20241018_102630.pdf,34,33,
566.pdf,2308,202303_2308_AI1_20241018_102630.pdf,34,1,
58.pdf,2308,202303_2308_AI1_20241018_102630.pdf,67,2,
849.pdf,2308,202303_2308_AI1_20241018_102630.pdf,69,1,
219.pdf,2308,202303_2308_AI1_20241018_102630.pdf,86,2,
703.pdf,2317,202201_2317_AI1_20241018_142205.pdf,4,2,會計師核閱報告
362.pdf,2317,202201_2317_AI1_20241018_142205.pdf,6,2,合併資產負債表
423.pdf,2317,202201_2317_AI1_20241018_142205.pdf,8,2,合併綜合損益表
753.pdf,2317,202201_2317_AI1_20241018_142205.pdf,10,1,合併權益變動表
781.pdf,2317,202201_2317_AI1_20241018_142205.pdf,11,2,合併現金流量表
96.pdf,2317,202201_2317_AI1_20241018_142205.pdf,13,1,
984.pdf,2317,202201_2317_AI1_20241018_142205.pdf,13,2,
63.pdf,2317,202201_2317_AI1_20241018_142205.pdf,14,25,
66.pdf,2317,202201_2317_AI1_20241018_142205.pdf,38,2,
488.pdf,2317,202201_2317_AI1_20241018_142205.pdf,38,2,
672.pdf,2317,202201_2317_AI1_20241018_142205.pdf,39,43,
944.pdf,2317,202201_2317_AI1_20241018_142205.pdf,82,5,
682.pdf,2317,202201_2317_AI1_20241018_142205.pdf,87,2,
830.pdf,2317,202201_2317_AI1_20241018_142205.pdf,87,1,
467.pdf,2317,202201_2317_AI1_20241018_142205.pdf,88,1,
273.pdf,2317,202201_2317_AI1_20241018_142205.pdf,110,2,
5.pdf,2317,202203_2317_AI1_20241018_142203.pdf,4,2,會計師核閱報告
826.pdf,2317,202203_2317_AI1_20241018_142203.pdf,6,2,合併資產負債表
677.pdf,2317,202203_2317_AI1_20241018_142203.pdf,8,2,合併綜合損益表
484.pdf,2317,202203_2317_AI1_20241018_142203.pdf,10,1,合併權益變動表
816.pdf,2317,202203_2317_AI1_20241018_142203.pdf,11,2,合併現金流量表
167.pdf,2317,202203_2317_AI1_20241018_142203.pdf,13,2,
797.pdf,2317,202203_2317_AI1_20241018_142203.pdf,13,1,
1015.pdf,2317,202203_2317_AI1_20241018_142203.pdf,14,26,
159.pdf,2317,202203_2317_AI1_20241018_142203.pdf,40,50,
819.pdf,2317,202203_2317_AI1_20241018_142203.pdf,89,6,
136.pdf,2317,202203_2317_AI1_20241018_142203.pdf,95,1,
312.pdf,2317,202203_2317_AI1_20241018_142203.pdf,95,2,
740.pdf,2317,202203_2317_AI1_20241018_142203.pdf,116,3,
680.pdf,2317,202301_2317_AI1_20241018_142201.pdf,3,2,會計師核閱報告
557.pdf,2317,202301_2317_AI1_20241018_142201.pdf,5,2,合併資產負債表
41.pdf,2317,202301_2317_AI1_20241018_142201.pdf,7,2,合併綜合損益表
870.pdf,2317,202301_2317_AI1_20241018_142201.pdf,9,1,合併權益變動表
707.pdf,2317,202301_2317_AI1_20241018_142201.pdf,10,2,合併現金流量表
841.pdf,2317,202301_2317_AI1_20241018_142201.pdf,12,2,
951.pdf,2317,202301_2317_AI1_20241018_142201.pdf,12,1,
359.pdf,2317,202301_2317_AI1_20241018_142201.pdf,13,21,
900.pdf,2317,202301_2317_AI1_20241018_142201.pdf,34,2,
878.pdf,2317,202301_2317_AI1_20241018_142201.pdf,35,42,
254.pdf,2317,202301_2317_AI1_20241018_142201.pdf,76,5,
59.pdf,2317,202301_2317_AI1_20241018_142201.pdf,81,1,
70.pdf,2317,202301_2317_AI1_20241018_142201.pdf,81,2,
705.pdf,2317,202301_2317_AI1_20241018_142201.pdf,82,1,
255.pdf,2317,202301_2317_AI1_20241018_142201.pdf,100,3,
281.pdf,2317,202302_2317_AI1_20241018_142200.pdf,109,4,
986.pdf,2317,202303_2317_AI1_20241018_142159.pdf,3,2,會計師核閱報告
196.pdf,2317,202303_2317_AI1_20241018_142159.pdf,5,2,合併資產負債表
15.pdf,2317,202303_2317_AI1_20241018_142159.pdf,7,2,合併綜合損益表
496.pdf,2317,202303_2317_AI1_20241018_142159.pdf,9,1,合併權益變動表
426.pdf,2317,202303_2317_AI1_20241018_142159.pdf,10,2,合併現金流量表
343.pdf,2317,202303_2317_AI1_20241018_142159.pdf,12,2,
610.pdf,2317,202303_2317_AI1_20241018_142159.pdf,12,1,
76.pdf,2317,202303_2317_AI1_20241018_142159.pdf,13,24,
346.pdf,2317,202303_2317_AI1_20241018_142159.pdf,36,2,
604.pdf,2317,202303_2317_AI1_20241018_142159.pdf,37,48,
638.pdf,2317,202303_2317_AI1_20241018_142159.pdf,84,8,
939.pdf,2317,202303_2317_AI1_20241018_142159.pdf,92,2,
949.pdf,2317,202303_2317_AI1_20241018_142159.pdf,92,1,
271.pdf,2317,202303_2317_AI1_20241018_142159.pdf,93,1,
754.pdf,2327,202201_2327_AI1_20241018_063722.pdf,3,2,會計師核閱報告
681.pdf,2327,202201_2327_AI1_20241018_063722.pdf,5,1,合併資產負債表
1.pdf,2327,202201_2327_AI1_20241018_063722.pdf,6,3,合併綜合損益表
1022.pdf,2327,202201_2327_AI1_20241018_063722.pdf,9,1,合併權益變動表
381.pdf,2327,202201_2327_AI1_20241018_063722.pdf,10,1,合併現金流量表
201.pdf,2327,202201_2327_AI1_20241018_063722.pdf,13,1,
24.pdf,2327,202201_2327_AI1_20241018_063722.pdf,19,1,
409.pdf,2327,202201_2327_AI1_20241018_063722.pdf,79,5,
144.pdf,2327,202201_2327_AI1_20241018_063722.pdf,83,2,
818.pdf,2327,202201_2327_AI1_20241018_063722.pdf,83,1,
380.pdf,2327,202201_2327_AI1_20241018_063722.pdf,84,1,
927.pdf,2327,202203_2327_AI1_20241018_063700.pdf,3,1,會計師核閱報告
431.pdf,2327,202203_2327_AI1_20241018_063700.pdf,5,1,合併資產負債表
226.pdf,2327,202203_2327_AI1_20241018_063700.pdf,6,1,合併綜合損益表
432.pdf,2327,202203_2327_AI1_20241018_063700.pdf,7,1,合併權益變動表
534.pdf,2327,202203_2327_AI1_20241018_063700.pdf,8,3,合併現金流量表
666.pdf,2327,202203_2327_AI1_20241018_063700.pdf,11,1,
891.pdf,2327,202203_2327_AI1_20241018_063700.pdf,11,6,
140.pdf,2327,202203_2327_AI1_20241018_063700.pdf,16,1,
465.pdf,2327,202203_2327_AI1_20241018_063700.pdf,18,1,
172.pdf,2327,202203_2327_AI1_20241018_063700.pdf,19,1,
171.pdf,2327,202203_2327_AI1_20241018_063700.pdf,81,1,
626.pdf,2327,202203_2327_AI1_20241018_063700.pdf,85,1,
760.pdf,2327,202203_2327_AI1_20241018_063700.pdf,86,1,
1003.pdf,2327,202203_2327_AI1_20241018_063700.pdf,95,1,
579.pdf,2327,202301_2327_AI1_20241018_063640.pdf,3,2,會計師核閱報告
17.pdf,2327,202301_2327_AI1_20241018_063640.pdf,5,1,合併資產負債表
282.pdf,2327,202301_2327_AI1_20241018_063640.pdf,6,3,合併綜合損益表
789.pdf,2327,202301_2327_AI1_20241018_063640.pdf,9,1,合併權益變動表
279.pdf,2327,202301_2327_AI1_20241018_063640.pdf,10,3,合併現金流量表
64.pdf,2327,202301_2327_AI1_20241018_063640.pdf,13,1,
444.pdf,2327,202301_2327_AI1_20241018_063640.pdf,14,4,
1009.pdf,2327,202301_2327_AI1_20241018_063640.pdf,17,2,
205.pdf,2327,202301_2327_AI1_20241018_063640.pdf,19,1,
655.pdf,2327,202301_2327_AI1_20241018_063640.pdf,19,55,
225.pdf,2327,202301_2327_AI1_20241018_063640.pdf,74,3,
965.pdf,2327,202301_2327_AI1_20241018_063640.pdf,77,1,
276.pdf,2327,202301_2327_AI1_20241018_063640.pdf,77,2,
597.pdf,2327,202301_2327_AI1_20241018_063640.pdf,79,1,
120.pdf,2327,202301_2327_AI1_20241018_063640.pdf,86,1,
305.pdf,2327,202303_2327_AI1_20241018_063607.pdf,3,2,會計師核閱報告
428.pdf,2327,202303_2327_AI1_20241018_063607.pdf,5,1,合併資產負債表
697.pdf,2327,202303_2327_AI1_20241018_063607.pdf,6,1,合併綜合損益表
55.pdf,2327,202303_2327_AI1_20241018_063607.pdf,7,1,合併權益變動表
1032.pdf,2327,202303_2327_AI1_20241018_063607.pdf,8,3,合併現金流量表
450.pdf,2327,202303_2327_AI1_20241018_063607.pdf,11,6,
684.pdf,2327,202303_2327_AI1_20241018_063607.pdf,11,1,
574.pdf,2327,202303_2327_AI1_20241018_063607.pdf,16,3,
36.pdf,2327,202303_2327_AI1_20241018_063607.pdf,18,1,
587.pdf,2327,202303_2327_AI1_20241018_063607.pdf,18,63,
715.pdf,2327,202303_2327_AI1_20241018_063607.pdf,80,4,
245.pdf,2327,202303_2327_AI1_20241018_063607.pdf,84,1,
458.pdf,2327,202303_2327_AI1_20241018_063607.pdf,84,2,
25.pdf,2327,202303_2327_AI1_20241018_063607.pdf,92,1,
134.pdf,2330,202201_2330_AI1_20241019_074323.pdf,3,1,會計師核閱報告
422.pdf,2330,202201_2330_AI1_20241019_074323.pdf,4,1,合併資產負債表
926.pdf,2330,202201_2330_AI1_20241019_074323.pdf,5,1,合併綜合損益表
345.pdf,2330,202201_2330_AI1_20241019_074323.pdf,8,1,合併權益變動表
874.pdf,2330,202201_2330_AI1_20241019_074323.pdf,9,1,合併現金流量表
194.pdf,2330,202201_2330_AI1_20241019_074323.pdf,12,1,
622.pdf,2330,202201_2330_AI1_20241019_074323.pdf,13,1,
768.pdf,2330,202201_2330_AI1_20241019_074323.pdf,16,1,
733.pdf,2330,202201_2330_AI1_20241019_074323.pdf,54,1,
575.pdf,2330,202201_2330_AI1_20241019_074323.pdf,56,1,
836.pdf,2330,202201_2330_AI1_20241019_074323.pdf,60,1,
338.pdf,2330,202203_2330_AI1_20241019_074313.pdf,3,1,會計師核閱報告
881.pdf,2330,202203_2330_AI1_20241019_074313.pdf,4,1,合併資產負債表
278.pdf,2330,202203_2330_AI1_20241019_074313.pdf,5,2,合併綜合損益表
487.pdf,2330,202203_2330_AI1_20241019_074313.pdf,7,1,合併權益變動表
810.pdf,2330,202203_2330_AI1_20241019_074313.pdf,8,3,合併現金流量表
323.pdf,2330,202203_2330_AI1_20241019_074313.pdf,11,1,
817.pdf,2330,202203_2330_AI1_20241019_074313.pdf,11,2,
537.pdf,2330,202203_2330_AI1_20241019_074313.pdf,12,4,
662.pdf,2330,202203_2330_AI1_20241019_074313.pdf,15,1,
863.pdf,2330,202203_2330_AI1_20241019_074313.pdf,15,35,
62.pdf,2330,202203_2330_AI1_20241019_074313.pdf,49,2,
102.pdf,2330,202203_2330_AI1_20241019_074313.pdf,50,1,
163.pdf,2330,202203_2330_AI1_20241019_074313.pdf,51,2,
634.pdf,2330,202203_2330_AI1_20241019_074313.pdf,55,1,
499.pdf,2330,202301_2330_AI1_20241019_074304.pdf,3,1,會計師核閱報告
277.pdf,2330,202301_2330_AI1_20241019_074304.pdf,4,1,合併資產負債表
911.pdf,2330,202301_2330_AI1_20241019_074304.pdf,5,3,合併綜合損益表
123.pdf,2330,202301_2330_AI1_20241019_074304.pdf,8,1,合併權益變動表
1005.pdf,2330,202301_2330_AI1_20241019_074304.pdf,9,2,合併現金流量表
354.pdf,2330,202301_2330_AI1_20241019_074304.pdf,11,2,
775.pdf,2330,202301_2330_AI1_20241019_074304.pdf,11,1,
980.pdf,2330,202301_2330_AI1_20241019_074304.pdf,12,3,
185.pdf,2330,202301_2330_AI1_20241019_074304.pdf,14,38,
685.pdf,2330,202301_2330_AI1_20241019_074304.pdf,14,1,
614.pdf,2330,202301_2330_AI1_20241019_074304.pdf,51,3,
23.pdf,2330,202301_2330_AI1_20241019_074304.pdf,53,1,
370.pdf,2330,202301_2330_AI1_20241019_074304.pdf,53,2,
970.pdf,2330,202301_2330_AI1_20241019_074304.pdf,57,1,
157.pdf,2345,202201_2345_AI1_20241021_084341.pdf,3,2,會計師核閱報告
598.pdf,2345,202201_2345_AI1_20241021_084341.pdf,5,1,合併資產負債表
982.pdf,2345,202201_2345_AI1_20241021_084341.pdf,6,1,合併綜合損益表
724.pdf,2345,202201_2345_AI1_20241021_084341.pdf,8,1,合併權益變動表
812.pdf,2345,202201_2345_AI1_20241021_084341.pdf,9,2,合併現金流量表
935.pdf,2345,202201_2345_AI1_20241021_084341.pdf,11,1,
990.pdf,2345,202201_2345_AI1_20241021_084341.pdf,14,1,
924.pdf,2345,202201_2345_AI1_20241021_084341.pdf,46,1,
132.pdf,2345,202201_2345_AI1_20241021_084341.pdf,47,1,
296.pdf,2345,202201_2345_AI1_20241021_084341.pdf,51,1,
464.pdf,2345,202203_2345_AI1_20241021_084337.pdf,3,2,會計師核閱報告
456.pdf,2345,202203_2345_AI1_20241021_084337.pdf,5,1,合併資產負債表
584.pdf,2345,202203_2345_AI1_20241021_084337.pdf,6,1,合併綜合損益表
695.pdf,2345,202203_2345_AI1_20241021_084337.pdf,7,1,合併權益變動表
699.pdf,2345,202203_2345_AI1_20241021_084337.pdf,8,2,合併現金流量表
350.pdf,2345,202203_2345_AI1_20241021_084337.pdf,10,1,
476.pdf,2345,202203_2345_AI1_20241021_084337.pdf,11,1,
879.pdf,2345,202203_2345_AI1_20241021_084337.pdf,13,1,
291.pdf,2345,202203_2345_AI1_20241021_084337.pdf,44,2,
618.pdf,2345,202203_2345_AI1_20241021_084337.pdf,45,1,
481.pdf,2345,202203_2345_AI1_20241021_084337.pdf,49,1,
272.pdf,2345,202301_2345_AI1_20241021_084335.pdf,3,2,會計師核閱報告
147.pdf,2345,202301_2345_AI1_20241021_084335.pdf,5,1,合併資產負債表
814.pdf,2345,202301_2345_AI1_20241021_084335.pdf,6,2,合併綜合損益表
490.pdf,2345,202301_2345_AI1_20241021_084335.pdf,8,1,合併權益變動表
298.pdf,2345,202301_2345_AI1_20241021_084335.pdf,9,2,合併現金流量表
109.pdf,2345,202301_2345_AI1_20241021_084335.pdf,11,1,
151.pdf,2345,202301_2345_AI1_20241021_084335.pdf,11,2,
421.pdf,2345,202301_2345_AI1_20241021_084335.pdf,12,2,
936.pdf,2345,202301_2345_AI1_20241021_084335.pdf,13,1,
798.pdf,2345,202301_2345_AI1_20241021_084335.pdf,14,31,
829.pdf,2345,202301_2345_AI1_20241021_084335.pdf,44,3,
519.pdf,2345,202301_2345_AI1_20241021_084335.pdf,46,1,
495.pdf,2345,202301_2345_AI1_20241021_084335.pdf,50,1,
410.pdf,2345,202303_2345_AI1_20241021_084333.pdf,3,2,會計師核閱報告
796.pdf,2345,202303_2345_AI1_20241021_084333.pdf,5,1,合併資產負債表
119.pdf,2345,202303_2345_AI1_20241021_084333.pdf,6,1,合併綜合損益表
642.pdf,2345,202303_2345_AI1_20241021_084333.pdf,7,1,合併權益變動表
887.pdf,2345,202303_2345_AI1_20241021_084333.pdf,8,2,合併現金流量表
90.pdf,2345,202303_2345_AI1_20241021_084333.pdf,10,1,
960.pdf,2345,202303_2345_AI1_20241021_084333.pdf,10,2,
888.pdf,2345,202303_2345_AI1_20241021_084333.pdf,11,3,
430.pdf,2345,202303_2345_AI1_20241021_084333.pdf,13,32,
919.pdf,2345,202303_2345_AI1_20241021_084333.pdf,13,1,
578.pdf,2345,202303_2345_AI1_20241021_084333.pdf,45,2,
842.pdf,2345,202303_2345_AI1_20241021_084333.pdf,46,1,
668.pdf,2345,202303_2345_AI1_20241021_084333.pdf,47,1,
126.pdf,2345,202303_2345_AI1_20241021_084333.pdf,50,1,
443.pdf,2357,202201_2357_AI1_20241018_102049.pdf,4,2,會計師核閱報告
419.pdf,2357,202201_2357_AI1_20241018_102049.pdf,6,2,合併資產負債表
809.pdf,2357,202201_2357_AI1_20241018_102049.pdf,8,1,合併綜合損益表
235.pdf,2357,202201_2357_AI1_20241018_102049.pdf,9,1,合併權益變動表
295.pdf,2357,202201_2357_AI1_20241018_102049.pdf,10,1,合併現金流量表
553.pdf,2357,202201_2357_AI1_20241018_102049.pdf,11,1,
748.pdf,2357,202201_2357_AI1_20241018_102049.pdf,11,2,
503.pdf,2357,202201_2357_AI1_20241018_102049.pdf,12,18,
563.pdf,2357,202201_2357_AI1_20241018_102049.pdf,29,1,
424.pdf,2357,202201_2357_AI1_20241018_102049.pdf,30,19,
957.pdf,2357,202201_2357_AI1_20241018_102049.pdf,49,3,
512.pdf,2357,202201_2357_AI1_20241018_102049.pdf,51,2,
674.pdf,2357,202201_2357_AI1_20241018_102049.pdf,51,1,
961.pdf,2357,202201_2357_AI1_20241018_102049.pdf,52,1,
336.pdf,2357,202201_2357_AI1_20241018_102049.pdf,67,2,
88.pdf,2357,202203_2357_AI1_20241018_101745.pdf,4,2,會計師核閱報告
973.pdf,2357,202203_2357_AI1_20241018_101745.pdf,6,2,合併資產負債表
556.pdf,2357,202203_2357_AI1_20241018_101745.pdf,8,1,合併綜合損益表
719.pdf,2357,202203_2357_AI1_20241018_101745.pdf,9,1,合併權益變動表
31.pdf,2357,202203_2357_AI1_20241018_101745.pdf,10,1,合併現金流量表
303.pdf,2357,202203_2357_AI1_20241018_101745.pdf,11,2,
402.pdf,2357,202203_2357_AI1_20241018_101745.pdf,11,1,
765.pdf,2357,202203_2357_AI1_20241018_101745.pdf,12,18,
108.pdf,2357,202203_2357_AI1_20241018_101745.pdf,30,1,
667.pdf,2357,202203_2357_AI1_20241018_101745.pdf,30,23,
215.pdf,2357,202203_2357_AI1_20241018_101745.pdf,52,3,
67.pdf,2357,202203_2357_AI1_20241018_101745.pdf,55,1,
582.pdf,2357,202203_2357_AI1_20241018_101745.pdf,56,1,
909.pdf,2357,202203_2357_AI1_20241018_101745.pdf,71,1,
222.pdf,2357,202301_2357_AI1_20241018_101717.pdf,4,2,會計師核閱報告
543.pdf,2357,202301_2357_AI1_20241018_101717.pdf,6,2,合併資產負債表
449.pdf,2357,202301_2357_AI1_20241018_101717.pdf,8,1,合併綜合損益表
734.pdf,2357,202301_2357_AI1_20241018_101717.pdf,9,1,合併權益變動表
547.pdf,2357,202301_2357_AI1_20241018_101717.pdf,10,1,合併現金流量表
57.pdf,2357,202301_2357_AI1_20241018_101717.pdf,11,1,
937.pdf,2357,202301_2357_AI1_20241018_101717.pdf,11,2,
471.pdf,2357,202301_2357_AI1_20241018_101717.pdf,12,18,
507.pdf,2357,202301_2357_AI1_20241018_101717.pdf,30,20,
542.pdf,2357,202301_2357_AI1_20241018_101717.pdf,30,1,
84.pdf,2357,202301_2357_AI1_20241018_101717.pdf,49,4,
100.pdf,2357,202301_2357_AI1_20241018_101717.pdf,52,2,
2.pdf,2357,202301_2357_AI1_20241018_101717.pdf,52,1,
799.pdf,2357,202301_2357_AI1_20241018_101717.pdf,53,1,
621.pdf,2357,202301_2357_AI1_20241018_101717.pdf,68,1,
722.pdf,2357,202303_2357_AI1_20241018_101616.pdf,4,2,會計師核閱報告
954.pdf,2357,202303_2357_AI1_20241018_101616.pdf,6,2,合併資產負債表
730.pdf,2357,202303_2357_AI1_20241018_101616.pdf,8,1,合併綜合損益表
174.pdf,2357,202303_2357_AI1_20241018_101616.pdf,9,1,合併權益變動表
316.pdf,2357,202303_2357_AI1_20241018_101616.pdf,10,1,合併現金流量表
20.pdf,2357,202303_2357_AI1_20241018_101616.pdf,11,1,
364.pdf,2357,202303_2357_AI1_20241018_101616.pdf,11,2,
228.pdf,2357,202303_2357_AI1_20241018_101616.pdf,12,19,
544.pdf,2357,202303_2357_AI1_20241018_101616.pdf,30,2,
510.pdf,2357,202303_2357_AI1_20241018_101616.pdf,31,23,
882.pdf,2357,202303_2357_AI1_20241018_101616.pdf,53,4,
493.pdf,2357,202303_2357_AI1_20241018_101616.pdf,56,1,
478.pdf,2357,202303_2357_AI1_20241018_101616.pdf,57,1,
997.pdf,2357,202303_2357_AI1_20241018_101616.pdf,73,1,
318.pdf,2379,202201_2379_AI1_20241019_100849.pdf,4,2,會計師核閱報告
173.pdf,2379,202201_2379_AI1_20241019_100849.pdf,6,2,合併資產負債表
400.pdf,2379,202201_2379_AI1_20241019_100849.pdf,8,2,合併綜合損益表
981.pdf,2379,202201_2379_AI1_20241019_100849.pdf,10,1,合併權益變動表
545.pdf,2379,202201_2379_AI1_20241019_100849.pdf,11,2,合併現金流量表
664.pdf,2379,202201_2379_AI1_20241019_100849.pdf,13,1,
978.pdf,2379,202201_2379_AI1_20241019_100849.pdf,13,2,
182.pdf,2379,202201_2379_AI1_20241019_100849.pdf,14,5,
896.pdf,2379,202201_2379_AI1_20241019_100849.pdf,18,17,
898.pdf,2379,202201_2379_AI1_20241019_100849.pdf,18,1,
396.pdf,2379,202201_2379_AI1_20241019_100849.pdf,34,3,
859.pdf,2379,202201_2379_AI1_20241019_100849.pdf,36,1,
192.pdf,2379,202201_2379_AI1_20241019_100849.pdf,37,1,
287.pdf,2379,202201_2379_AI1_20241019_100849.pdf,48,1,
141.pdf,2379,202203_2379_AI1_20241019_100832.pdf,4,2,會計師核閱報告
928.pdf,2379,202203_2379_AI1_20241019_100832.pdf,6,2,合併資產負債表
213.pdf,2379,202203_2379_AI1_20241019_100832.pdf,8,2,合併綜合損益表
262.pdf,2379,202203_2379_AI1_20241019_100832.pdf,10,1,合併權益變動表
513.pdf,2379,202203_2379_AI1_20241019_100832.pdf,11,2,合併現金流量表
823.pdf,2379,202203_2379_AI1_20241019_100832.pdf,13,1,
837.pdf,2379,202203_2379_AI1_20241019_100832.pdf,13,2,
386.pdf,2379,202203_2379_AI1_20241019_100832.pdf,14,5,
776.pdf,2379,202203_2379_AI1_20241019_100832.pdf,18,21,
994.pdf,2379,202203_2379_AI1_20241019_100832.pdf,18,1,
988.pdf,2379,202203_2379_AI1_20241019_100832.pdf,39,2,
1021.pdf,2379,202203_2379_AI1_20241019_100832.pdf,41,1,
142.pdf,2379,202301_2379_AI1_20241019_100822.pdf,4,2,會計師核閱報告
348.pdf,2379,202301_2379_AI1_20241019_100822.pdf,6,2,合併資產負債表
834.pdf,2379,202301_2379_AI1_20241019_100822.pdf,8,2,合併綜合損益表
527.pdf,2379,202301_2379_AI1_20241019_100822.pdf,10,1,合併權益變動表
958.pdf,2379,202301_2379_AI1_20241019_100822.pdf,11,2,合併現金流量表
292.pdf,2379,202301_2379_AI1_20241019_100822.pdf,13,1,
397.pdf,2379,202301_2379_AI1_20241019_100822.pdf,13,2,
313.pdf,2379,202301_2379_AI1_20241019_100822.pdf,14,5,
259.pdf,2379,202301_2379_AI1_20241019_100822.pdf,18,1,
602.pdf,2379,202301_2379_AI1_20241019_100822.pdf,18,18,
848.pdf,2379,202301_2379_AI1_20241019_100822.pdf,35,2,
404.pdf,2379,202301_2379_AI1_20241019_100822.pdf,37,1,
466.pdf,2379,202301_2379_AI1_20241019_100822.pdf,38,1,
257.pdf,2379,202301_2379_AI1_20241019_100822.pdf,50,1,
30.pdf,2379,202303_2379_AI1_20241019_100809.pdf,4,2,會計師核閱報告
72.pdf,2379,202303_2379_AI1_20241019_100809.pdf,6,2,合併資產負債表
658.pdf,2379,202303_2379_AI1_20241019_100809.pdf,8,2,合併綜合損益表
757.pdf,2379,202303_2379_AI1_20241019_100809.pdf,10,1,合併權益變動表
813.pdf,2379,202303_2379_AI1_20241019_100809.pdf,11,2,合併現金流量表
482.pdf,2379,202303_2379_AI1_20241019_100809.pdf,13,1,
893.pdf,2379,202303_2379_AI1_20241019_100809.pdf,13,2,
270.pdf,2379,202303_2379_AI1_20241019_100809.pdf,14,5,
536.pdf,2379,202303_2379_AI1_20241019_100809.pdf,18,22,
897.pdf,2379,202303_2379_AI1_20241019_100809.pdf,18,1,
786.pdf,2379,202303_2379_AI1_20241019_100809.pdf,39,3,
525.pdf,2379,202303_2379_AI1_20241019_100809.pdf,41,1,
189.pdf,2379,202303_2379_AI1_20241019_100809.pdf,42,1,
508.pdf,2379,202303_2379_AI1_20241019_100809.pdf,54,1,
778.pdf,2395,202201_2395_AI1_20241018_142330.pdf,4,2,會計師核閱報告
200.pdf,2395,202201_2395_AI1_20241018_142330.pdf,6,2,合併資產負債表
211.pdf,2395,202201_2395_AI1_20241018_142330.pdf,8,2,合併綜合損益表
562.pdf,2395,202201_2395_AI1_20241018_142330.pdf,10,1,合併權益變動表
894.pdf,2395,202201_2395_AI1_20241018_142330.pdf,11,1,合併現金流量表
40.pdf,2395,202201_2395_AI1_20241018_142330.pdf,12,1,
803.pdf,2395,202201_2395_AI1_20241018_142330.pdf,12,2,
853.pdf,2395,202201_2395_AI1_20241018_142330.pdf,13,8,
640.pdf,2395,202201_2395_AI1_20241018_142330.pdf,20,1,
904.pdf,2395,202201_2395_AI1_20241018_142330.pdf,20,23,
696.pdf,2395,202201_2395_AI1_20241018_142330.pdf,42,4,
357.pdf,2395,202201_2395_AI1_20241018_142330.pdf,45,1,
122.pdf,2395,202201_2395_AI1_20241018_142330.pdf,61,3,
838.pdf,2395,202203_2395_AI1_20241018_142328.pdf,4,2,會計師核閱報告
13.pdf,2395,202203_2395_AI1_20241018_142328.pdf,6,2,合併資產負債表
365.pdf,2395,202203_2395_AI1_20241018_142328.pdf,8,2,合併綜合損益表
831.pdf,2395,202203_2395_AI1_20241018_142328.pdf,10,1,合併權益變動表
590.pdf,2395,202203_2395_AI1_20241018_142328.pdf,11,1,合併現金流量表
188.pdf,2395,202203_2395_AI1_20241018_142328.pdf,12,1,
679.pdf,2395,202203_2395_AI1_20241018_142328.pdf,12,2,
361.pdf,2395,202203_2395_AI1_20241018_142328.pdf,13,8,
6.pdf,2395,202203_2395_AI1_20241018_142328.pdf,21,1,
79.pdf,2395,202203_2395_AI1_20241018_142328.pdf,21,26,
33.pdf,2395,202203_2395_AI1_20241018_142328.pdf,46,5,
317.pdf,2395,202203_2395_AI1_20241018_142328.pdf,51,1,
373.pdf,2395,202203_2395_AI1_20241018_142328.pdf,67,3,
52.pdf,2395,202301_2395_AI1_20241018_142326.pdf,4,2,會計師核閱報告
265.pdf,2395,202301_2395_AI1_20241018_142326.pdf,6,2,合併資產負債表
75.pdf,2395,202301_2395_AI1_20241018_142326.pdf,8,2,合併綜合損益表
289.pdf,2395,202301_2395_AI1_20241018_142326.pdf,10,1,合併權益變動表
921.pdf,2395,202301_2395_AI1_20241018_142326.pdf,11,1,合併現金流量表
114.pdf,2395,202301_2395_AI1_20241018_142326.pdf,12,1,
314.pdf,2395,202301_2395_AI1_20241018_142326.pdf,12,2,
767.pdf,2395,202301_2395_AI1_20241018_142326.pdf,13,8,
0.pdf,2395,202301_2395_AI1_20241018_142326.pdf,20,1,
492.pdf,2395,202301_2395_AI1_20241018_142326.pdf,21,24,
548.pdf,2395,202301_2395_AI1_20241018_142326.pdf,44,4,
683.pdf,2395,202301_2395_AI1_20241018_142326.pdf,47,1,
806.pdf,2395,202301_2395_AI1_20241018_142326.pdf,48,1,
326.pdf,2395,202301_2395_AI1_20241018_142326.pdf,65,3,
854.pdf,2395,202302_2395_AI1_20241018_142325.pdf,69,3,
858.pdf,2395,202303_2395_AI1_20241018_142324.pdf,4,2,會計師核閱報告
916.pdf,2395,202303_2395_AI1_20241018_142324.pdf,6,2,合併資產負債表
865.pdf,2395,202303_2395_AI1_20241018_142324.pdf,8,2,合併綜合損益表
69.pdf,2395,202303_2395_AI1_20241018_142324.pdf,10,1,合併權益變動表
240.pdf,2395,202303_2395_AI1_20241018_142324.pdf,11,1,合併現金流量表
415.pdf,2395,202303_2395_AI1_20241018_142324.pdf,12,1,
645.pdf,2395,202303_2395_AI1_20241018_142324.pdf,12,2,
804.pdf,2395,202303_2395_AI1_20241018_142324.pdf,13,8,
983.pdf,2395,202303_2395_AI1_20241018_142324.pdf,20,1,
304.pdf,2395,202303_2395_AI1_20241018_142324.pdf,21,29,
864.pdf,2395,202303_2395_AI1_20241018_142324.pdf,49,5,
726.pdf,2395,202303_2395_AI1_20241018_142324.pdf,54,1,
885.pdf,2412,202201_2412_AI1_20241018_230520.pdf,3,1,會計師核閱報告
779.pdf,2412,202201_2412_AI1_20241018_230520.pdf,4,1,合併資產負債表
452.pdf,2412,202201_2412_AI1_20241018_230520.pdf,5,3,合併綜合損益表
268.pdf,2412,202201_2412_AI1_20241018_230520.pdf,8,1,合併權益變動表
861.pdf,2412,202201_2412_AI1_20241018_230520.pdf,9,3,合併現金流量表
1012.pdf,2412,202201_2412_AI1_20241018_230520.pdf,12,1,
756.pdf,2412,202201_2412_AI1_20241018_230520.pdf,13,1,
915.pdf,2412,202201_2412_AI1_20241018_230520.pdf,13,5,
605.pdf,2412,202201_2412_AI1_20241018_230520.pdf,17,2,
49.pdf,2412,202201_2412_AI1_20241018_230520.pdf,17,1,
752.pdf,2412,202201_2412_AI1_20241018_230520.pdf,18,54,
441.pdf,2412,202201_2412_AI1_20241018_230520.pdf,71,5,
568.pdf,2412,202201_2412_AI1_20241018_230520.pdf,75,1,
690.pdf,2412,202201_2412_AI1_20241018_230520.pdf,75,2,
976.pdf,2412,202201_2412_AI1_20241018_230520.pdf,79,3,
85.pdf,2412,202203_2412_AI1_20241018_230511.pdf,3,1,會計師核閱報告
181.pdf,2412,202203_2412_AI1_20241018_230511.pdf,4,1,合併資產負債表
12.pdf,2412,202203_2412_AI1_20241018_230511.pdf,5,1,合併綜合損益表
73.pdf,2412,202203_2412_AI1_20241018_230511.pdf,6,1,合併權益變動表
588.pdf,2412,202203_2412_AI1_20241018_230511.pdf,7,3,合併現金流量表
1027.pdf,2412,202203_2412_AI1_20241018_230511.pdf,10,1,
552.pdf,2412,202203_2412_AI1_20241018_230511.pdf,11,5,
387.pdf,2412,202203_2412_AI1_20241018_230511.pdf,15,2,
19.pdf,2412,202203_2412_AI1_20241018_230511.pdf,16,2,
438.pdf,2412,202203_2412_AI1_20241018_230511.pdf,17,54,
241.pdf,2412,202203_2412_AI1_20241018_230511.pdf,70,5,
267.pdf,2412,202203_2412_AI1_20241018_230511.pdf,74,1,
790.pdf,2412,202203_2412_AI1_20241018_230511.pdf,74,2,
294.pdf,2412,202203_2412_AI1_20241018_230511.pdf,78,3,
399.pdf,2412,202301_2412_AI1_20241018_230459.pdf,3,1,會計師核閱報告
315.pdf,2412,202301_2412_AI1_20241018_230459.pdf,4,1,合併資產負債表
325.pdf,2412,202301_2412_AI1_20241018_230459.pdf,5,3,合併綜合損益表
455.pdf,2412,202301_2412_AI1_20241018_230459.pdf,8,1,合併權益變動表
149.pdf,2412,202301_2412_AI1_20241018_230459.pdf,9,3,合併現金流量表
356.pdf,2412,202301_2412_AI1_20241018_230459.pdf,12,1,
609.pdf,2412,202301_2412_AI1_20241018_230459.pdf,13,5,
581.pdf,2412,202301_2412_AI1_20241018_230459.pdf,17,1,
86.pdf,2412,202301_2412_AI1_20241018_230459.pdf,18,51,
376.pdf,2412,202301_2412_AI1_20241018_230459.pdf,68,5,
274.pdf,2412,202301_2412_AI1_20241018_230459.pdf,72,2,
388.pdf,2412,202301_2412_AI1_20241018_230459.pdf,72,1,
394.pdf,2412,202301_2412_AI1_20241018_230459.pdf,75,2,
515.pdf,2412,202303_2412_AI1_20241018_230449.pdf,3,1,會計師核閱報告
793.pdf,2412,202303_2412_AI1_20241018_230449.pdf,4,1,合併資產負債表
138.pdf,2412,202303_2412_AI1_20241018_230449.pdf,5,1,合併綜合損益表
902.pdf,2412,202303_2412_AI1_20241018_230449.pdf,6,1,合併權益變動表
1008.pdf,2412,202303_2412_AI1_20241018_230449.pdf,7,3,合併現金流量表
583.pdf,2412,202303_2412_AI1_20241018_230449.pdf,10,1,
999.pdf,2412,202303_2412_AI1_20241018_230449.pdf,11,5,
374.pdf,2412,202303_2412_AI1_20241018_230449.pdf,15,2,
451.pdf,2412,202303_2412_AI1_20241018_230449.pdf,15,1,
709.pdf,2412,202303_2412_AI1_20241018_230449.pdf,16,53,
782.pdf,2412,202303_2412_AI1_20241018_230449.pdf,69,4,
502.pdf,2412,202303_2412_AI1_20241018_230449.pdf,72,1,
613.pdf,2412,202303_2412_AI1_20241018_230449.pdf,73,1,
81.pdf,2412,202303_2412_AI1_20241018_230449.pdf,76,2,
828.pdf,2454,202201_2454_AI1_20241019_073836.pdf,3,1,會計師核閱報告
378.pdf,2454,202201_2454_AI1_20241019_073836.pdf,4,1,合併資產負債表
808.pdf,2454,202201_2454_AI1_20241019_073836.pdf,6,1,合併綜合損益表
401.pdf,2454,202201_2454_AI1_20241019_073836.pdf,7,1,合併權益變動表
996.pdf,2454,202201_2454_AI1_20241019_073836.pdf,8,1,合併現金流量表
872.pdf,2454,202201_2454_AI1_20241019_073836.pdf,9,1,
128.pdf,2454,202201_2454_AI1_20241019_073836.pdf,10,1,
349.pdf,2454,202201_2454_AI1_20241019_073836.pdf,17,1,
16.pdf,2454,202201_2454_AI1_20241019_073836.pdf,53,1,
150.pdf,2454,202201_2454_AI1_20241019_073836.pdf,57,1,
124.pdf,2454,202201_2454_AI1_20241019_073836.pdf,58,1,
706.pdf,2454,202201_2454_AI1_20241019_073836.pdf,59,1,
232.pdf,2454,202202_2454_AI1_20241019_073831.pdf,84,1,
589.pdf,2454,202203_2454_AI1_20241019_073826.pdf,3,1,會計師核閱報告
591.pdf,2454,202203_2454_AI1_20241019_073826.pdf,4,1,合併資產負債表
1024.pdf,2454,202203_2454_AI1_20241019_073826.pdf,6,1,合併綜合損益表
721.pdf,2454,202203_2454_AI1_20241019_073826.pdf,7,1,合併權益變動表
738.pdf,2454,202203_2454_AI1_20241019_073826.pdf,8,1,合併現金流量表
901.pdf,2454,202203_2454_AI1_20241019_073826.pdf,9,1,
56.pdf,2454,202203_2454_AI1_20241019_073826.pdf,11,1,
735.pdf,2454,202203_2454_AI1_20241019_073826.pdf,17,1,
477.pdf,2454,202203_2454_AI1_20241019_073826.pdf,18,1,
101.pdf,2454,202203_2454_AI1_20241019_073826.pdf,60,1,
89.pdf,2454,202203_2454_AI1_20241019_073826.pdf,64,1,
405.pdf,2454,202203_2454_AI1_20241019_073826.pdf,65,1,
93.pdf,2454,202203_2454_AI1_20241019_073826.pdf,67,1,
971.pdf,2454,202203_2454_AI1_20241019_073826.pdf,87,1,
764.pdf,2454,202301_2454_AI1_20241019_073814.pdf,3,1,會計師核閱報告
335.pdf,2454,202301_2454_AI1_20241019_073814.pdf,4,1,合併資產負債表
742.pdf,2454,202301_2454_AI1_20241019_073814.pdf,6,1,合併綜合損益表
385.pdf,2454,202301_2454_AI1_20241019_073814.pdf,7,1,合併權益變動表
306.pdf,2454,202301_2454_AI1_20241019_073814.pdf,8,1,合併現金流量表
284.pdf,2454,202301_2454_AI1_20241019_073814.pdf,9,1,
930.pdf,2454,202301_2454_AI1_20241019_073814.pdf,10,1,
1007.pdf,2454,202301_2454_AI1_20241019_073814.pdf,16,1,
347.pdf,2454,202301_2454_AI1_20241019_073814.pdf,17,1,
959.pdf,2454,202301_2454_AI1_20241019_073814.pdf,55,1,
324.pdf,2454,202301_2454_AI1_20241019_073814.pdf,59,1,
847.pdf,2454,202301_2454_AI1_20241019_073814.pdf,61,1,
22.pdf,2454,202301_2454_AI1_20241019_073814.pdf,83,1,
285.pdf,2454,202303_2454_AI1_20241019_073804.pdf,3,1,會計師核閱報告
774.pdf,2454,202303_2454_AI1_20241019_073804.pdf,4,1,合併資產負債表
460.pdf,2454,202303_2454_AI1_20241019_073804.pdf,6,1,合併綜合損益表
14.pdf,2454,202303_2454_AI1_20241019_073804.pdf,7,1,合併權益變動表
773.pdf,2454,202303_2454_AI1_20241019_073804.pdf,8,1,合併現金流量表
473.pdf,2454,202303_2454_AI1_20241019_073804.pdf,9,1,
880.pdf,2454,202303_2454_AI1_20241019_073804.pdf,11,1,
227.pdf,2454,202303_2454_AI1_20241019_073804.pdf,17,1,
616.pdf,2454,202303_2454_AI1_20241019_073804.pdf,61,1,
689.pdf,2454,202303_2454_AI1_20241019_073804.pdf,66,1,
791.pdf,2454,202303_2454_AI1_20241019_073804.pdf,68,1,
627.pdf,2603,202201_2603_AI1_20241019_100158.pdf,4,2,會計師核閱報告
91.pdf,2603,202201_2603_AI1_20241019_100158.pdf,6,2,合併資產負債表
379.pdf,2603,202201_2603_AI1_20241019_100158.pdf,8,2,合併綜合損益表
962.pdf,2603,202201_2603_AI1_20241019_100158.pdf,10,1,合併權益變動表
727.pdf,2603,202201_2603_AI1_20241019_100158.pdf,11,2,合併現金流量表
446.pdf,2603,202201_2603_AI1_20241019_100158.pdf,13,1,
461.pdf,2603,202201_2603_AI1_20241019_100158.pdf,13,2,
651.pdf,2603,202201_2603_AI1_20241019_100158.pdf,14,20,
210.pdf,2603,202201_2603_AI1_20241019_100158.pdf,34,1,
601.pdf,2603,202201_2603_AI1_20241019_100158.pdf,34,34,
60.pdf,2603,202201_2603_AI1_20241019_100158.pdf,67,6,
186.pdf,2603,202201_2603_AI1_20241019_100158.pdf,73,1,
221.pdf,2603,202201_2603_AI1_20241019_100158.pdf,73,2,
269.pdf,2603,202201_2603_AI1_20241019_100158.pdf,74,1,
127.pdf,2603,202201_2603_AI1_20241019_100158.pdf,89,3,
744.pdf,2603,202201_2603_AI1_20241019_100158.pdf,89,2,
883.pdf,2603,202203_2603_AI1_20241019_100149.pdf,4,3,會計師核閱報告
474.pdf,2603,202203_2603_AI1_20241019_100149.pdf,7,2,合併資產負債表
145.pdf,2603,202203_2603_AI1_20241019_100149.pdf,9,2,合併綜合損益表
351.pdf,2603,202203_2603_AI1_20241019_100149.pdf,11,1,合併權益變動表
462.pdf,2603,202203_2603_AI1_20241019_100149.pdf,12,2,合併現金流量表
178.pdf,2603,202203_2603_AI1_20241019_100149.pdf,14,2,
736.pdf,2603,202203_2603_AI1_20241019_100149.pdf,14,1,
231.pdf,2603,202203_2603_AI1_20241019_100149.pdf,15,21,
28.pdf,2603,202203_2603_AI1_20241019_100149.pdf,36,43,
694.pdf,2603,202203_2603_AI1_20241019_100149.pdf,36,1,
686.pdf,2603,202203_2603_AI1_20241019_100149.pdf,78,8,
344.pdf,2603,202203_2603_AI1_20241019_100149.pdf,85,2,
611.pdf,2603,202203_2603_AI1_20241019_100149.pdf,85,1,
469.pdf,2603,202203_2603_AI1_20241019_100149.pdf,86,1,
71.pdf,2603,202203_2603_AI1_20241019_100158.pdf,89,3,
991.pdf,2603,202301_2603_AI1_20241019_100140.pdf,4,2,會計師核閱報告
311.pdf,2603,202301_2603_AI1_20241019_100140.pdf,6,2,合併資產負債表
871.pdf,2603,202301_2603_AI1_20241019_100140.pdf,8,2,合併綜合損益表
340.pdf,2603,202301_2603_AI1_20241019_100140.pdf,10,1,合併權益變動表
554.pdf,2603,202301_2603_AI1_20241019_100140.pdf,11,2,合併現金流量表
931.pdf,2603,202301_2603_AI1_20241019_100140.pdf,13,1,
993.pdf,2603,202301_2603_AI1_20241019_100140.pdf,13,2,
732.pdf,2603,202301_2603_AI1_20241019_100140.pdf,14,10,
414.pdf,2603,202301_2603_AI1_20241019_100140.pdf,23,1,
327.pdf,2603,202301_2603_AI1_20241019_100140.pdf,24,36,
233.pdf,2603,202301_2603_AI1_20241019_100140.pdf,59,7,
184.pdf,2603,202301_2603_AI1_20241019_100140.pdf,66,1,
839.pdf,2603,202301_2603_AI1_20241019_100140.pdf,66,2,
1033.pdf,2603,202301_2603_AI1_20241019_100140.pdf,67,1,
418.pdf,2603,202303_2603_AI1_20241019_100132.pdf,4,3,會計師核閱報告
53.pdf,2603,202303_2603_AI1_20241019_100132.pdf,7,2,合併資產負債表
784.pdf,2603,202303_2603_AI1_20241019_100132.pdf,9,2,合併綜合損益表
963.pdf,2603,202303_2603_AI1_20241019_100132.pdf,11,1,合併權益變動表
42.pdf,2603,202303_2603_AI1_20241019_100132.pdf,12,2,合併現金流量表
239.pdf,2603,202303_2603_AI1_20241019_100132.pdf,14,1,
412.pdf,2603,202303_2603_AI1_20241019_100132.pdf,14,2,
103.pdf,2603,202303_2603_AI1_20241019_100132.pdf,15,11,
1025.pdf,2603,202303_2603_AI1_20241019_100132.pdf,26,1,
398.pdf,2603,202303_2603_AI1_20241019_100132.pdf,26,42,
236.pdf,2603,202303_2603_AI1_20241019_100132.pdf,67,8,
453.pdf,2603,202303_2603_AI1_20241019_100132.pdf,75,2,
852.pdf,2603,202303_2603_AI1_20241019_100132.pdf,75,1,
659.pdf,2603,202303_2603_AI1_20241019_100132.pdf,76,1,
570.pdf,2603,202303_2603_AI1_20241019_100132.pdf,90,2,
